"Oid";"Employee"
"{0288eed0-b4c6-4eb2-a2a9-1f611fa729e8}";"{05809c49-a72a-497a-8fb0-61ec9a4805a4}"
"{0314FF28-D94C-44AE-9884-C5FA184E326D}";"{05809C49-A72A-497A-8FB0-61EC9A4805A4}"
"{03A606A2-4AC8-4034-8A04-06E810C12A57}";"{05809C49-A72A-497A-8FB0-61EC9A4805A4}"
"{07B54024-0102-4FBE-B65D-01B6DBE5C240}";"{05809C49-A72A-497A-8FB0-61EC9A4805A4}"
"{195ecf54-60cf-48c9-99f1-dd3991933934}";"{05809c49-a72a-497a-8fb0-61ec9a4805a4}"
"{2B0BC5E8-C43B-4664-ACA9-76E7B99EFCD9}";"{05809C49-A72A-497A-8FB0-61EC9A4805A4}"
"{2bfdd25b-e70e-44be-b270-b542fcd00100}";"{05809c49-a72a-497a-8fb0-61ec9a4805a4}"
"{40A3E8DD-92A1-4D95-8B14-BECCE3040FC8}";"{05809C49-A72A-497A-8FB0-61EC9A4805A4}"
"{47b02e61-eb4e-44b7-8766-bd85dfa67fb8}";"{05809c49-a72a-497a-8fb0-61ec9a4805a4}"
"{48ab4873-af4f-4988-977c-d9af5597425c}";"{05809c49-a72a-497a-8fb0-61ec9a4805a4}"
"{48d85e9a-45fc-4053-9490-63d3835050dc}";"{05809c49-a72a-497a-8fb0-61ec9a4805a4}"
"{4f22e63b-38b9-45b9-9faf-b8733e167566}";"{05809c49-a72a-497a-8fb0-61ec9a4805a4}"
"{551f6081-e2c2-4e4b-ad6d-4c0bbf644c5b}";"{05809c49-a72a-497a-8fb0-61ec9a4805a4}"
"{55E3E3DE-9A91-42A6-A734-1AEFE9676E8C}";"{05809C49-A72A-497A-8FB0-61EC9A4805A4}"
"{5d164303-3ab1-48c8-ba2b-90dade0fcb73}";"{05809c49-a72a-497a-8fb0-61ec9a4805a4}"
"{5D461317-4956-4A92-9355-717DA23D55ED}";"{05809C49-A72A-497A-8FB0-61EC9A4805A4}"
"{6efb9f76-d562-43ec-8acf-3553acd8ffc1}";"{05809c49-a72a-497a-8fb0-61ec9a4805a4}"
"{71aeb0d7-e451-4dcc-a731-2a7a4d3f7039}";"{05809c49-a72a-497a-8fb0-61ec9a4805a4}"
"{71E6C237-D49A-408B-9A66-FA48BEDE7577}";"{05809C49-A72A-497A-8FB0-61EC9A4805A4}"
"{7260E41F-0611-42A1-9FAD-95DCE2E443CD}";"{05809C49-A72A-497A-8FB0-61EC9A4805A4}"
"{73131191-670D-405E-900E-4E410EE69019}";"{05809C49-A72A-497A-8FB0-61EC9A4805A4}"
"{77BA0B1F-5A62-4301-9B36-1F6FA0A0B63A}";"{05809C49-A72A-497A-8FB0-61EC9A4805A4}"
"{79da124f-5599-42ac-9173-418c5287cfed}";"{05809c49-a72a-497a-8fb0-61ec9a4805a4}"
"{7bd78332-1f04-41ef-9b0b-d83cd6626688}";"{05809c49-a72a-497a-8fb0-61ec9a4805a4}"
"{7fcc240c-84c2-44ed-9384-51e9e694af11}";"{05809c49-a72a-497a-8fb0-61ec9a4805a4}"
"{805447e4-2f27-4360-b1ba-3486d1d96d5f}";"{05809c49-a72a-497a-8fb0-61ec9a4805a4}"
"{8211920F-E4DF-484C-97B1-0B1411990B0D}";"{05809C49-A72A-497A-8FB0-61EC9A4805A4}"
"{8A1593BF-52D2-4BAF-99C8-E6D7B3102922}";"{05809C49-A72A-497A-8FB0-61EC9A4805A4}"
"{8F633277-73F9-45FE-A926-C56EA02EA22F}";"{05809C49-A72A-497A-8FB0-61EC9A4805A4}"
"{9CE0CC96-45E2-4AF7-ACE8-941A8D8A723A}";"{05809C49-A72A-497A-8FB0-61EC9A4805A4}"
"{9D8E6DD7-AE11-4C03-9860-4524297BFA6F}";"{05809C49-A72A-497A-8FB0-61EC9A4805A4}"
"{A3AFA8C2-9116-4114-866F-1DB1AAA714B9}";"{05809C49-A72A-497A-8FB0-61EC9A4805A4}"
"{a6f283e6-121c-456b-bbff-9f0395c8af6e}";"{05809c49-a72a-497a-8fb0-61ec9a4805a4}"
"{BBAC5E8E-CA4F-4AE4-A397-7606C0FCA2B5}";"{05809C49-A72A-497A-8FB0-61EC9A4805A4}"
"{BD22E5EC-A7DE-4BC5-A036-BC0091C5CDF6}";"{05809C49-A72A-497A-8FB0-61EC9A4805A4}"
"{be97fddc-a83a-43b7-96a4-13ec923d3ccb}";"{05809c49-a72a-497a-8fb0-61ec9a4805a4}"
"{C0CD5A45-590F-4CBA-B09D-33A42D6560BA}";"{05809C49-A72A-497A-8FB0-61EC9A4805A4}"
"{c41191d8-43fe-4c72-8438-8eb97660dd76}";"{05809c49-a72a-497a-8fb0-61ec9a4805a4}"
"{c6979afe-19ec-4d4f-9968-1a4393d345c0}";"{05809c49-a72a-497a-8fb0-61ec9a4805a4}"
"{cd4e30f3-6ec5-4679-afb7-54c361e5f7ab}";"{05809c49-a72a-497a-8fb0-61ec9a4805a4}"
"{CFF789D4-FFEB-4437-93F0-04A92ED9EADD}";"{05809C49-A72A-497A-8FB0-61EC9A4805A4}"
"{D0E08184-4B96-483B-8FC3-9CAFB9D9D636}";"{05809C49-A72A-497A-8FB0-61EC9A4805A4}"
"{d4755ac7-9d19-4392-a03f-8c8e6b02d75b}";"{05809c49-a72a-497a-8fb0-61ec9a4805a4}"
"{DAB23280-D277-4761-8E5A-F6AF409C7AD4}";"{05809C49-A72A-497A-8FB0-61EC9A4805A4}"
"{dab508ec-08ef-4efc-a1f1-161eed9a52f5}";"{05809c49-a72a-497a-8fb0-61ec9a4805a4}"
"{dd9d51b0-350e-4c77-897a-3a54850e708c}";"{05809c49-a72a-497a-8fb0-61ec9a4805a4}"
"{E2607CBB-EF2D-45CC-9E9E-0CCF8D96C7D6}";"{05809C49-A72A-497A-8FB0-61EC9A4805A4}"
"{ec0f88a8-dca0-4781-8c6c-514ae4c60c5b}";"{05809c49-a72a-497a-8fb0-61ec9a4805a4}"
"{f5db51c3-0473-4cc9-ad59-d37d415db195}";"{05809c49-a72a-497a-8fb0-61ec9a4805a4}"
"{fccdf84a-5087-4e55-ab26-7e2eb08d3e50}";"{05809c49-a72a-497a-8fb0-61ec9a4805a4}"
